url,label,label_name,source
http://gcash-verify-account.tk/login,1,malicious,synthetic_ai
http://paymaya-secure-update.ml/confirm,1,malicious,synthetic_ai
https://bpi-online-reactivate.ga/verify,1,malicious,synthetic_ai
http://192.168.1.50/gcash/login,1,malicious,synthetic_ai
http://bit.ly/3xGcashVerify,1,malicious,synthetic_ai
http://landbank-reactivate.xyz/account,1,malicious,synthetic_ai
http://shopeepay-claim-reward.cf/promo,1,malicious,synthetic_ai
http://grab-driver-payout.top/verify,1,malicious,synthetic_ai
http://bdo-secure-login.work/otp,1,malicious,synthetic_ai
http://unionbank-account-locked.click/unlock,1,malicious,synthetic_ai
http://metrobank-suspend-notice.gq/confirm,1,malicious,synthetic_ai
http://lazada-cashback-claim.zip/reward,1,malicious,synthetic_ai
http://gcash-promo2026.rest/claim-now,1,malicious,synthetic_ai
http://maya-account-suspend.loan/reactivate,1,malicious,synthetic_ai
http://gcash.account-verify-ph.tk/otp,1,malicious,synthetic_ai
http://103.45.221.9/paymaya/secure,1,malicious,synthetic_ai
http://tinyurl.com/bpi-verify-2026,1,malicious,synthetic_ai
http://shopee-ph-rewards.ga/redeem,1,malicious,synthetic_ai
http://grab-food-refund.xyz/claim,1,malicious,synthetic_ai
http://bdo.com-secure-login.tk/verify,1,malicious,synthetic_ai
https://www.gcash.com/,0,benign,synthetic_ai
https://maya.ph/,0,benign,synthetic_ai
https://www.bpi.com.ph/personal,0,benign,synthetic_ai
https://www.bdo.com.ph/personal,0,benign,synthetic_ai
https://metrobank.com.ph/personal,0,benign,synthetic_ai
https://www.unionbankph.com/,0,benign,synthetic_ai
https://www.landbank.com/,0,benign,synthetic_ai
https://shopee.ph/,0,benign,synthetic_ai
https://www.lazada.com.ph/,0,benign,synthetic_ai
https://www.grab.com/ph/en/,0,benign,synthetic_ai
https://www.gov.ph/,0,benign,synthetic_ai
https://www.dict.gov.ph/,0,benign,synthetic_ai
https://www.bsp.gov.ph/,0,benign,synthetic_ai
https://www.philstar.com/,0,benign,synthetic_ai
https://www.rappler.com/,0,benign,synthetic_ai
https://www.gmanetwork.com/,0,benign,synthetic_ai
